EventID,Timestamp,Protocal,Source IP,Source Port,Destination IP,Destination Port
0,2024-12-21 16:48:18,udp,192.168.43.13,54259,192.168.43.41,19998
1,2024-12-21 16:48:18,udp,192.168.43.13,54259,192.168.43.41,944
2,2024-12-21 16:48:18,udp,192.168.43.13,54259,192.168.43.41,4444
3,2024-12-21 16:48:18,udp,192.168.43.13,54259,192.168.43.41,21366
4,2024-12-21 16:48:18,udp,192.168.43.13,54259,192.168.43.41,20752
5,2024-12-21 16:48:18,udp,192.168.43.13,54259,192.168.43.41,44160
6,2024-12-21 16:48:18,udp,192.168.43.13,54259,192.168.43.41,31335
7,2024-12-21 16:48:18,udp,192.168.43.13,54259,192.168.43.41,6004
8,2024-12-21 16:48:18,udp,192.168.43.13,54259,192.168.43.41,1646
9,2024-12-21 16:48:18,udp,192.168.43.13,54259,192.168.43.41,19374
10,2024-12-21 16:48:18,icmp,192.168.43.41,,192.168.43.13,
11,2024-12-21 16:48:18,icmp,192.168.43.41,,192.168.43.13,
12,2024-12-21 16:48:18,icmp,192.168.43.41,,192.168.43.13,
13,2024-12-21 16:48:18,icmp,192.168.43.41,,192.168.43.13,
14,2024-12-21 16:48:18,icmp,192.168.43.41,,192.168.43.13,
15,2024-12-21 16:48:18,icmp,192.168.43.41,,192.168.43.13,
16,2024-12-21 16:48:18,udp,192.168.43.13,54259,192.168.43.41,1056
17,2024-12-21 16:48:18,udp,192.168.43.13,54259,192.168.43.41,20445
18,2024-12-21 16:48:18,udp,192.168.43.13,54259,192.168.43.41,41308
19,2024-12-21 16:48:18,udp,192.168.43.13,54259,192.168.43.41,42577
20,2024-12-21 16:48:18,udp,192.168.43.13,54259,192.168.43.41,1087
21,2024-12-21 16:48:18,udp,192.168.43.13,54259,192.168.43.41,20279
22,2024-12-21 16:48:18,udp,192.168.43.13,54259,192.168.43.41,40539
23,2024-12-21 16:48:18,udp,192.168.43.13,54259,192.168.43.41,18617
24,2024-12-21 16:48:18,udp,192.168.43.13,54259,192.168.43.41,19717
25,2024-12-21 16:48:18,udp,192.168.43.13,54259,192.168.43.41,27473
26,2024-12-21 16:48:18,udp,192.168.43.13,54259,192.168.43.41,16779
27,2024-12-21 16:48:18,udp,192.168.43.13,54259,192.168.43.41,58075
28,2024-12-21 16:48:18,udp,192.168.43.13,54259,192.168.43.41,19022
29,2024-12-21 16:48:18,udp,192.168.43.13,54259,192.168.43.41,4000
30,2024-12-21 16:48:18,udp,192.168.43.13,54259,192.168.43.41,49174
31,2024-12-21 16:48:18,udp,192.168.43.13,54259,192.168.43.41,43514
32,2024-12-21 16:48:18,udp,192.168.43.13,54259,192.168.43.41,50708
33,2024-12-21 16:48:18,udp,192.168.43.13,54259,192.168.43.41,7938
34,2024-12-21 16:48:18,udp,192.168.43.13,54259,192.168.43.41,49173
35,2024-12-21 16:48:18,udp,192.168.43.13,54260,192.168.43.41,19717
36,2024-12-21 16:48:18,udp,192.168.43.13,54260,192.168.43.41,18617
37,2024-12-21 16:48:18,udp,192.168.43.13,54260,192.168.43.41,58075
38,2024-12-21 16:48:18,udp,192.168.43.13,54260,192.168.43.41,40539
39,2024-12-21 16:48:18,udp,192.168.43.13,54260,192.168.43.41,20279
40,2024-12-21 16:48:18,udp,192.168.43.13,54260,192.168.43.41,16779
41,2024-12-21 16:48:18,udp,192.168.43.13,54260,192.168.43.41,1087
42,2024-12-21 16:48:18,udp,192.168.43.13,54260,192.168.43.41,27473
43,2024-12-21 16:48:18,udp,192.168.43.13,54260,192.168.43.41,20445
44,2024-12-21 16:48:18,udp,192.168.43.13,54260,192.168.43.41,19022
45,2024-12-21 16:48:18,udp,192.168.43.13,54260,192.168.43.41,49174
46,2024-12-21 16:48:18,udp,192.168.43.13,54260,192.168.43.41,7938
47,2024-12-21 16:48:18,udp,192.168.43.13,54260,192.168.43.41,4000
48,2024-12-21 16:48:18,udp,192.168.43.13,54260,192.168.43.41,43514
49,2024-12-21 16:48:18,udp,192.168.43.13,54260,192.168.43.41,50708
50,2024-12-21 16:48:18,udp,192.168.43.13,54260,192.168.43.41,49173
51,2024-12-21 16:48:18,udp,192.168.43.13,54260,192.168.43.41,19374
52,2024-12-21 16:48:18,udp,192.168.43.13,54260,192.168.43.41,1056
53,2024-12-21 16:48:18,udp,192.168.43.13,54260,192.168.43.41,41308
54,2024-12-21 16:48:18,udp,192.168.43.13,54260,192.168.43.41,42577
55,2024-12-21 16:48:18,udp,192.168.43.13,54260,192.168.43.41,1646
56,2024-12-21 16:48:18,udp,192.168.43.13,54260,192.168.43.41,6004
57,2024-12-21 16:48:18,udp,192.168.43.13,54260,192.168.43.41,31335
58,2024-12-21 16:48:18,udp,192.168.43.13,54259,192.168.43.41,2148
59,2024-12-21 16:48:18,udp,192.168.43.13,54259,192.168.43.41,6050
60,2024-12-21 16:48:18,udp,192.168.43.13,54259,192.168.43.41,23176
61,2024-12-21 16:48:19,udp,192.168.43.13,54259,192.168.43.41,22053
62,2024-12-21 16:48:19,udp,192.168.43.13,54259,192.168.43.41,17946
63,2024-12-21 16:48:19,udp,192.168.43.13,54259,192.168.43.41,34570
64,2024-12-21 16:48:19,udp,192.168.43.13,54259,192.168.43.41,21803
65,2024-12-21 16:48:19,udp,192.168.43.13,54259,192.168.43.41,32778
66,2024-12-21 16:48:19,icmp,192.168.43.41,,192.168.43.13,
67,2024-12-21 16:48:19,udp,192.168.43.13,54259,192.168.43.41,6002
68,2024-12-21 16:48:19,udp,192.168.43.13,54259,192.168.43.41,17091
69,2024-12-21 16:48:19,udp,192.168.43.13,54259,192.168.43.41,2362
70,2024-12-21 16:48:19,udp,192.168.43.13,54259,192.168.43.41,34892
71,2024-12-21 16:48:19,udp,192.168.43.13,54259,192.168.43.41,30263
72,2024-12-21 16:48:19,udp,192.168.43.13,54259,192.168.43.41,19792
73,2024-12-21 16:48:19,udp,192.168.43.13,54259,192.168.43.41,19639
74,2024-12-21 16:48:19,udp,192.168.43.13,54259,192.168.43.41,3130
75,2024-12-21 16:48:19,udp,192.168.43.13,54260,192.168.43.41,2148
76,2024-12-21 16:48:19,udp,192.168.43.13,54260,192.168.43.41,6050
77,2024-12-21 16:48:19,udp,192.168.43.13,54259,192.168.43.41,34862
78,2024-12-21 16:48:19,udp,192.168.43.13,54259,192.168.43.41,997
79,2024-12-21 16:48:19,udp,192.168.43.13,54259,192.168.43.41,20884
80,2024-12-21 16:48:19,udp,192.168.43.13,54259,192.168.43.41,20380
81,2024-12-21 16:48:19,udp,192.168.43.13,54259,192.168.43.41,16697
82,2024-12-21 16:48:19,udp,192.168.43.13,54259,192.168.43.41,22341
83,2024-12-21 16:48:19,udp,192.168.43.13,54259,192.168.43.41,62699
84,2024-12-21 16:48:19,udp,192.168.43.13,54260,192.168.43.41,23176
85,2024-12-21 16:48:19,udp,192.168.43.13,54260,192.168.43.41,34570
86,2024-12-21 16:48:19,udp,192.168.43.13,54260,192.168.43.41,21803
87,2024-12-21 16:48:19,udp,192.168.43.13,54260,192.168.43.41,17946
88,2024-12-21 16:48:19,udp,192.168.43.13,54259,192.168.43.41,18821
89,2024-12-21 16:48:19,udp,192.168.43.13,54260,192.168.43.41,32778
90,2024-12-21 16:48:19,udp,192.168.43.13,54260,192.168.43.41,34892
91,2024-12-21 16:48:19,udp,192.168.43.13,54260,192.168.43.41,6002
92,2024-12-21 16:48:19,udp,192.168.43.13,54260,192.168.43.41,2362
93,2024-12-21 16:48:19,udp,192.168.43.13,54260,192.168.43.41,3130
94,2024-12-21 16:48:19,udp,192.168.43.13,54260,192.168.43.41,17091
95,2024-12-21 16:48:19,udp,192.168.43.13,54260,192.168.43.41,19792
96,2024-12-21 16:48:19,udp,192.168.43.13,54260,192.168.43.41,30263
97,2024-12-21 16:48:19,udp,192.168.43.13,54260,192.168.43.41,20884
98,2024-12-21 16:48:19,udp,192.168.43.13,54260,192.168.43.41,22341
99,2024-12-21 16:48:19,udp,192.168.43.13,54260,192.168.43.41,20380
100,2024-12-21 16:48:19,udp,192.168.43.13,54260,192.168.43.41,62699
101,2024-12-21 16:48:19,udp,192.168.43.13,54260,192.168.43.41,16697
102,2024-12-21 16:48:19,udp,192.168.43.13,54260,192.168.43.41,34862
103,2024-12-21 16:48:19,udp,192.168.43.13,54260,192.168.43.41,997
104,2024-12-21 16:48:19,udp,192.168.43.13,54260,192.168.43.41,19639
105,2024-12-21 16:48:19,udp,192.168.43.13,54259,192.168.43.41,1066
106,2024-12-21 16:48:19,udp,192.168.43.13,54259,192.168.43.41,18683
107,2024-12-21 16:48:20,tcp,192.168.43.41,38592,20.50.73.10,443
108,2024-12-21 16:48:20,tcp,192.168.43.41,38592,20.50.73.10,443
109,2024-12-21 16:48:20,tcp,192.168.43.41,38592,20.50.73.10,443
110,2024-12-21 16:48:20,tcp,192.168.43.41,38592,20.50.73.10,443
111,2024-12-21 16:48:20,tcp,192.168.43.41,38592,20.50.73.10,443
112,2024-12-21 16:48:20,tcp,192.168.43.41,38592,20.50.73.10,443
113,2024-12-21 16:48:20,tcp,192.168.43.41,38592,20.50.73.10,443
114,2024-12-21 16:48:20,tcp,192.168.43.41,38592,20.50.73.10,443
115,2024-12-21 16:48:20,tcp,192.168.43.41,38592,20.50.73.10,443
116,2024-12-21 16:48:20,tcp,192.168.43.41,38592,20.50.73.10,443
117,2024-12-21 16:48:32,tcp,192.168.43.13,34710,192.168.43.41,1720
118,2024-12-21 16:48:32,tcp,192.168.43.13,34710,192.168.43.41,1025
119,2024-12-21 16:48:32,tcp,192.168.43.13,34710,192.168.43.41,110
120,2024-12-21 16:48:32,tcp,192.168.43.13,34710,192.168.43.41,995
121,2024-12-21 16:48:32,tcp,192.168.43.13,34710,192.168.43.41,143
122,2024-12-21 16:48:32,tcp,192.168.43.13,34710,192.168.43.41,80
123,2024-12-21 16:48:32,tcp,192.168.43.13,34710,192.168.43.41,135
124,2024-12-21 16:48:32,tcp,192.168.43.13,34710,192.168.43.41,21
125,2024-12-21 16:48:32,tcp,192.168.43.13,34710,192.168.43.41,1723
126,2024-12-21 16:48:32,tcp,192.168.43.13,34710,192.168.43.41,23
127,2024-12-21 16:48:32,tcp,192.168.43.41,1720,192.168.43.13,34710
128,2024-12-21 16:48:32,tcp,192.168.43.41,1025,192.168.43.13,34710
129,2024-12-21 16:48:32,tcp,192.168.43.41,110,192.168.43.13,34710
130,2024-12-21 16:48:32,tcp,192.168.43.41,995,192.168.43.13,34710
131,2024-12-21 16:48:32,tcp,192.168.43.41,143,192.168.43.13,34710
132,2024-12-21 16:48:32,tcp,192.168.43.41,80,192.168.43.13,34710
133,2024-12-21 16:48:32,tcp,192.168.43.41,135,192.168.43.13,34710
134,2024-12-21 16:48:32,tcp,192.168.43.41,21,192.168.43.13,34710
135,2024-12-21 16:48:32,tcp,192.168.43.41,1723,192.168.43.13,34710
136,2024-12-21 16:48:32,tcp,192.168.43.41,23,192.168.43.13,34710
137,2024-12-21 16:48:32,tcp,192.168.43.13,34710,192.168.43.41,80
138,2024-12-21 16:48:32,tcp,192.168.43.13,34710,192.168.43.41,21
139,2024-12-21 16:48:32,tcp,192.168.43.13,34710,192.168.43.41,3389
140,2024-12-21 16:48:32,tcp,192.168.43.13,34710,192.168.43.41,8888
141,2024-12-21 16:48:32,tcp,192.168.43.13,34710,192.168.43.41,5900
142,2024-12-21 16:48:32,tcp,192.168.43.13,34710,192.168.43.41,443
143,2024-12-21 16:48:32,tcp,192.168.43.13,34710,192.168.43.41,53
144,2024-12-21 16:48:32,tcp,192.168.43.13,34710,192.168.43.41,199
145,2024-12-21 16:48:32,tcp,192.168.43.13,34710,192.168.43.41,445
146,2024-12-21 16:48:32,tcp,192.168.43.13,34710,192.168.43.41,113
147,2024-12-21 16:48:32,tcp,192.168.43.13,34710,192.168.43.41,8080
148,2024-12-21 16:48:32,tcp,192.168.43.13,34710,192.168.43.41,3306
149,2024-12-21 16:48:32,tcp,192.168.43.13,34710,192.168.43.41,587
150,2024-12-21 16:48:32,tcp,192.168.43.13,34710,192.168.43.41,139
151,2024-12-21 16:48:32,tcp,192.168.43.13,34710,192.168.43.41,111
152,2024-12-21 16:48:32,tcp,192.168.43.13,34710,192.168.43.41,256
153,2024-12-21 16:48:32,tcp,192.168.43.13,34710,192.168.43.41,22
154,2024-12-21 16:48:32,tcp,192.168.43.13,34710,192.168.43.41,554
155,2024-12-21 16:48:32,tcp,192.168.43.13,34710,192.168.43.41,25
156,2024-12-21 16:48:32,tcp,192.168.43.13,34710,192.168.43.41,993
157,2024-12-21 16:48:32,tcp,192.168.43.13,34710,192.168.43.41,2920
158,2024-12-21 16:48:32,tcp,192.168.43.13,34710,192.168.43.41,5544
159,2024-12-21 16:48:32,tcp,192.168.43.41,3389,192.168.43.13,34710
160,2024-12-21 16:48:32,tcp,192.168.43.41,8888,192.168.43.13,34710
161,2024-12-21 16:48:32,tcp,192.168.43.41,5900,192.168.43.13,34710
162,2024-12-21 16:48:32,tcp,192.168.43.41,443,192.168.43.13,34710
163,2024-12-21 16:48:32,tcp,192.168.43.41,53,192.168.43.13,34710
164,2024-12-21 16:48:32,tcp,192.168.43.41,199,192.168.43.13,34710
165,2024-12-21 16:48:32,tcp,192.168.43.41,445,192.168.43.13,34710
166,2024-12-21 16:48:32,tcp,192.168.43.41,113,192.168.43.13,34710
167,2024-12-21 16:48:32,tcp,192.168.43.41,8080,192.168.43.13,34710
168,2024-12-21 16:48:32,tcp,192.168.43.41,3306,192.168.43.13,34710
169,2024-12-21 16:48:32,tcp,192.168.43.41,587,192.168.43.13,34710
170,2024-12-21 16:48:32,tcp,192.168.43.41,139,192.168.43.13,34710
171,2024-12-21 16:48:32,tcp,192.168.43.41,111,192.168.43.13,34710
172,2024-12-21 16:48:32,tcp,192.168.43.41,256,192.168.43.13,34710
173,2024-12-21 16:48:32,tcp,192.168.43.41,22,192.168.43.13,34710
174,2024-12-21 16:48:32,tcp,192.168.43.41,554,192.168.43.13,34710
175,2024-12-21 16:48:32,tcp,192.168.43.41,25,192.168.43.13,34710
176,2024-12-21 16:48:32,tcp,192.168.43.41,993,192.168.43.13,34710
177,2024-12-21 16:48:32,tcp,192.168.43.41,2920,192.168.43.13,34710
178,2024-12-21 16:48:32,tcp,192.168.43.41,5544,192.168.43.13,34710
179,2024-12-21 16:48:32,tcp,192.168.43.13,34710,192.168.43.41,22
180,2024-12-21 16:48:32,tcp,192.168.43.13,34710,192.168.43.41,70
181,2024-12-21 16:48:32,tcp,192.168.43.13,34710,192.168.43.41,683
182,2024-12-21 16:48:32,tcp,192.168.43.13,34710,192.168.43.41,668
183,2024-12-21 16:48:32,tcp,192.168.43.13,34710,192.168.43.41,14000
184,2024-12-21 16:48:32,tcp,192.168.43.13,34710,192.168.43.41,88
185,2024-12-21 16:48:32,tcp,192.168.43.13,34710,192.168.43.41,512
186,2024-12-21 16:48:32,tcp,192.168.43.13,34710,192.168.43.41,51493
187,2024-12-21 16:48:32,tcp,192.168.43.13,34710,192.168.43.41,8333
188,2024-12-21 16:48:32,tcp,192.168.43.13,34710,192.168.43.41,1098
189,2024-12-21 16:48:32,tcp,192.168.43.13,34710,192.168.43.41,6566
190,2024-12-21 16:48:32,tcp,192.168.43.13,34710,192.168.43.41,9898
191,2024-12-21 16:48:32,tcp,192.168.43.13,34710,192.168.43.41,497
192,2024-12-21 16:48:32,tcp,192.168.43.13,34710,192.168.43.41,1137
193,2024-12-21 16:48:32,tcp,192.168.43.13,34710,192.168.43.41,4045
194,2024-12-21 16:48:32,tcp,192.168.43.13,34710,192.168.43.41,6156
195,2024-12-21 16:48:32,tcp,192.168.43.13,34710,192.168.43.41,524
196,2024-12-21 16:48:32,tcp,192.168.43.13,34710,192.168.43.41,2717
197,2024-12-21 16:48:32,tcp,192.168.43.13,34710,192.168.43.41,5100
198,2024-12-21 16:48:32,tcp,192.168.43.13,34710,192.168.43.41,60443
199,2024-12-21 16:48:32,tcp,192.168.43.13,34710,192.168.43.41,16018
200,2024-12-21 16:48:32,tcp,192.168.43.13,34710,192.168.43.41,2121
201,2024-12-21 16:48:32,tcp,192.168.43.13,34710,192.168.43.41,1063
202,2024-12-21 16:48:32,tcp,192.168.43.13,34710,192.168.43.41,722
203,2024-12-21 16:48:32,tcp,192.168.43.13,34710,192.168.43.41,15660
204,2024-12-21 16:48:32,tcp,192.168.43.13,34710,192.168.43.41,1064
205,2024-12-21 16:48:32,tcp,192.168.43.13,34710,192.168.43.41,3851
206,2024-12-21 16:48:32,tcp,192.168.43.41,70,192.168.43.13,34710
207,2024-12-21 16:48:32,tcp,192.168.43.13,34710,192.168.43.41,4900
208,2024-12-21 16:48:32,tcp,192.168.43.13,34710,192.168.43.41,10778
209,2024-12-21 16:48:32,tcp,192.168.43.13,34710,192.168.43.41,1192
210,2024-12-21 16:48:32,tcp,192.168.43.13,34710,192.168.43.41,2020
211,2024-12-21 16:48:32,tcp,192.168.43.13,34710,192.168.43.41,20
212,2024-12-21 16:48:32,tcp,192.168.43.13,34710,192.168.43.41,1102
213,2024-12-21 16:48:32,tcp,192.168.43.13,34710,192.168.43.41,1126
214,2024-12-21 16:48:32,tcp,192.168.43.13,34710,192.168.43.41,1443
215,2024-12-21 16:48:32,tcp,192.168.43.13,34710,192.168.43.41,2869
216,2024-12-21 16:48:32,tcp,192.168.43.13,34710,192.168.43.41,8400
217,2024-12-21 16:48:32,tcp,192.168.43.41,683,192.168.43.13,34710
218,2024-12-21 16:48:32,tcp,192.168.43.13,34710,192.168.43.41,1105
219,2024-12-21 16:48:32,tcp,192.168.43.13,34710,192.168.43.41,10629
220,2024-12-21 16:48:32,tcp,192.168.43.13,34710,192.168.43.41,8200
221,2024-12-21 16:48:32,tcp,192.168.43.41,668,192.168.43.13,34710
222,2024-12-21 16:48:32,tcp,192.168.43.13,34710,192.168.43.41,5298
223,2024-12-21 16:48:32,tcp,192.168.43.41,14000,192.168.43.13,34710
224,2024-12-21 16:48:32,tcp,192.168.43.41,88,192.168.43.13,34710
225,2024-12-21 16:48:32,tcp,192.168.43.41,512,192.168.43.13,34710
226,2024-12-21 16:48:32,tcp,192.168.43.41,51493,192.168.43.13,34710
227,2024-12-21 16:48:32,tcp,192.168.43.41,8333,192.168.43.13,34710
228,2024-12-21 16:48:32,tcp,192.168.43.41,1098,192.168.43.13,34710
229,2024-12-21 16:48:32,tcp,192.168.43.41,6566,192.168.43.13,34710
230,2024-12-21 16:48:32,tcp,192.168.43.41,9898,192.168.43.13,34710
231,2024-12-21 16:48:32,tcp,192.168.43.41,497,192.168.43.13,34710
232,2024-12-21 16:48:32,tcp,192.168.43.41,1137,192.168.43.13,34710
233,2024-12-21 16:48:32,tcp,192.168.43.41,4045,192.168.43.13,34710
234,2024-12-21 16:48:32,tcp,192.168.43.41,6156,192.168.43.13,34710
235,2024-12-21 16:48:32,tcp,192.168.43.41,524,192.168.43.13,34710
236,2024-12-21 16:48:32,tcp,192.168.43.41,2717,192.168.43.13,34710
237,2024-12-21 16:48:32,tcp,192.168.43.41,5100,192.168.43.13,34710
238,2024-12-21 16:48:32,tcp,192.168.43.41,60443,192.168.43.13,34710
239,2024-12-21 16:48:32,tcp,192.168.43.41,16018,192.168.43.13,34710
240,2024-12-21 16:48:32,tcp,192.168.43.41,2121,192.168.43.13,34710
241,2024-12-21 16:48:32,tcp,192.168.43.41,1063,192.168.43.13,34710
242,2024-12-21 16:48:32,tcp,192.168.43.41,722,192.168.43.13,34710
243,2024-12-21 16:48:32,tcp,192.168.43.41,15660,192.168.43.13,34710
244,2024-12-21 16:48:32,tcp,192.168.43.41,1064,192.168.43.13,34710
245,2024-12-21 16:48:32,tcp,192.168.43.41,3851,192.168.43.13,34710
246,2024-12-21 16:48:32,tcp,192.168.43.41,4900,192.168.43.13,34710
247,2024-12-21 16:48:32,tcp,192.168.43.41,10778,192.168.43.13,34710
248,2024-12-21 16:48:32,tcp,192.168.43.41,1192,192.168.43.13,34710
249,2024-12-21 16:48:32,tcp,192.168.43.41,2020,192.168.43.13,34710
250,2024-12-21 16:48:32,tcp,192.168.43.41,20,192.168.43.13,34710
251,2024-12-21 16:48:32,tcp,192.168.43.41,1102,192.168.43.13,34710
252,2024-12-21 16:48:32,tcp,192.168.43.41,1126,192.168.43.13,34710
253,2024-12-21 16:48:32,tcp,192.168.43.41,1443,192.168.43.13,34710
254,2024-12-21 16:48:32,tcp,192.168.43.41,2869,192.168.43.13,34710
255,2024-12-21 16:48:32,tcp,192.168.43.41,8400,192.168.43.13,34710
256,2024-12-21 16:48:32,tcp,192.168.43.41,1105,192.168.43.13,34710
257,2024-12-21 16:48:32,tcp,192.168.43.41,10629,192.168.43.13,34710
258,2024-12-21 16:48:32,tcp,192.168.43.41,8200,192.168.43.13,34710
259,2024-12-21 16:48:32,tcp,192.168.43.41,5298,192.168.43.13,34710
260,2024-12-21 16:48:32,tcp,192.168.43.13,34710,192.168.43.41,1247
261,2024-12-21 16:48:32,tcp,192.168.43.13,34710,192.168.43.41,11967
262,2024-12-21 16:48:32,tcp,192.168.43.13,34710,192.168.43.41,22939
263,2024-12-21 16:48:32,tcp,192.168.43.13,34710,192.168.43.41,32780
264,2024-12-21 16:48:32,tcp,192.168.43.13,34710,192.168.43.41,26214
265,2024-12-21 16:48:32,tcp,192.168.43.13,34710,192.168.43.41,9503
266,2024-12-21 16:48:32,tcp,192.168.43.13,34710,192.168.43.41,10002
267,2024-12-21 16:48:32,tcp,192.168.43.13,34710,192.168.43.41,4449
268,2024-12-21 16:48:32,tcp,192.168.43.13,34710,192.168.43.41,593
269,2024-12-21 16:48:32,tcp,192.168.43.13,34710,192.168.43.41,8022
270,2024-12-21 16:48:32,tcp,192.168.43.41,1247,192.168.43.13,34710
271,2024-12-21 16:48:32,tcp,192.168.43.41,11967,192.168.43.13,34710
272,2024-12-21 16:48:32,tcp,192.168.43.41,22939,192.168.43.13,34710
273,2024-12-21 16:48:32,tcp,192.168.43.41,32780,192.168.43.13,34710
274,2024-12-21 16:48:32,tcp,192.168.43.13,34710,192.168.43.41,1056
275,2024-12-21 16:48:32,tcp,192.168.43.13,34710,192.168.43.41,2968
276,2024-12-21 16:48:32,tcp,192.168.43.13,34710,192.168.43.41,12345
277,2024-12-21 16:48:32,tcp,192.168.43.13,34710,192.168.43.41,3814
278,2024-12-21 16:48:32,tcp,192.168.43.41,26214,192.168.43.13,34710
279,2024-12-21 16:48:32,tcp,192.168.43.13,34710,192.168.43.41,407
280,2024-12-21 16:48:32,tcp,192.168.43.13,34710,192.168.43.41,1026
281,2024-12-21 16:48:32,tcp,192.168.43.13,34710,192.168.43.41,301
282,2024-12-21 16:48:32,tcp,192.168.43.41,9503,192.168.43.13,34710
283,2024-12-21 16:48:32,tcp,192.168.43.13,34710,192.168.43.41,50002
284,2024-12-21 16:48:32,tcp,192.168.43.41,10002,192.168.43.13,34710
285,2024-12-21 16:48:32,tcp,192.168.43.41,4449,192.168.43.13,34710
286,2024-12-21 16:48:32,tcp,192.168.43.41,593,192.168.43.13,34710
287,2024-12-21 16:48:32,tcp,192.168.43.41,8022,192.168.43.13,34710
288,2024-12-21 16:48:32,tcp,192.168.43.13,34710,192.168.43.41,777
289,2024-12-21 16:48:32,tcp,192.168.43.13,34710,192.168.43.41,13456
290,2024-12-21 16:48:32,tcp,192.168.43.41,1056,192.168.43.13,34710
291,2024-12-21 16:48:32,tcp,192.168.43.41,2968,192.168.43.13,34710
292,2024-12-21 16:48:32,tcp,192.168.43.41,12345,192.168.43.13,34710
293,2024-12-21 16:48:32,tcp,192.168.43.41,3814,192.168.43.13,34710
294,2024-12-21 16:48:32,tcp,192.168.43.41,407,192.168.43.13,34710
295,2024-12-21 16:48:32,tcp,192.168.43.41,1026,192.168.43.13,34710
296,2024-12-21 16:48:32,tcp,192.168.43.41,301,192.168.43.13,34710
297,2024-12-21 16:48:32,tcp,192.168.43.41,50002,192.168.43.13,34710
298,2024-12-21 16:48:32,tcp,192.168.43.13,34710,192.168.43.41,3920
299,2024-12-21 16:48:32,tcp,192.168.43.13,34710,192.168.43.41,32768
300,2024-12-21 16:48:32,tcp,192.168.43.13,34710,192.168.43.41,6002
301,2024-12-21 16:48:32,tcp,192.168.43.13,34710,192.168.43.41,8654
302,2024-12-21 16:48:32,tcp,192.168.43.13,34710,192.168.43.41,5555
303,2024-12-21 16:48:32,tcp,192.168.43.13,34710,192.168.43.41,32773
304,2024-12-21 16:48:32,tcp,192.168.43.13,34710,192.168.43.41,911
305,2024-12-21 16:48:32,tcp,192.168.43.13,34710,192.168.43.41,417
306,2024-12-21 16:48:32,tcp,192.168.43.13,34710,192.168.43.41,2038
307,2024-12-21 16:48:32,tcp,192.168.43.13,34710,192.168.43.41,2222
308,2024-12-21 16:48:32,tcp,192.168.43.13,34710,192.168.43.41,515
309,2024-12-21 16:48:32,tcp,192.168.43.13,34710,192.168.43.41,3659
310,2024-12-21 16:48:32,tcp,192.168.43.13,34710,192.168.43.41,10243
311,2024-12-21 16:48:32,tcp,192.168.43.13,34710,192.168.43.41,280
312,2024-12-21 16:48:32,tcp,192.168.43.13,34710,192.168.43.41,9002
313,2024-12-21 16:48:32,tcp,192.168.43.13,34710,192.168.43.41,9111
314,2024-12-21 16:48:32,tcp,192.168.43.13,34710,192.168.43.41,1091
315,2024-12-21 16:48:32,tcp,192.168.43.13,34710,192.168.43.41,7000
316,2024-12-21 16:48:32,tcp,192.168.43.13,34710,192.168.43.41,10000
317,2024-12-21 16:48:32,tcp,192.168.43.13,34710,192.168.43.41,2046
318,2024-12-21 16:48:32,tcp,192.168.43.13,34710,192.168.43.41,119
319,2024-12-21 16:48:32,tcp,192.168.43.13,34710,192.168.43.41,5952
320,2024-12-21 16:48:32,tcp,192.168.43.13,34710,192.168.43.41,9103
321,2024-12-21 16:48:32,tcp,192.168.43.13,34710,192.168.43.41,5060
322,2024-12-21 16:48:32,tcp,192.168.43.13,34710,192.168.43.41,41511
323,2024-12-21 16:48:32,tcp,192.168.43.13,34710,192.168.43.41,49155
324,2024-12-21 16:48:32,tcp,192.168.43.13,34710,192.168.43.41,1717
325,2024-12-21 16:48:32,tcp,192.168.43.13,34710,192.168.43.41,2170
326,2024-12-21 16:48:32,tcp,192.168.43.13,34710,192.168.43.41,33354
327,2024-12-21 16:48:32,tcp,192.168.43.13,34710,192.168.43.41,19842
328,2024-12-21 16:48:32,tcp,192.168.43.13,34710,192.168.43.41,1044
329,2024-12-21 16:48:32,tcp,192.168.43.13,34710,192.168.43.41,2604
330,2024-12-21 16:48:32,tcp,192.168.43.13,34710,192.168.43.41,6025
331,2024-12-21 16:48:32,tcp,192.168.43.13,34710,192.168.43.41,8009
332,2024-12-21 16:48:32,tcp,192.168.43.13,34710,192.168.43.41,2103
333,2024-12-21 16:48:32,tcp,192.168.43.13,34710,192.168.43.41,4279
334,2024-12-21 16:48:32,tcp,192.168.43.13,34710,192.168.43.41,1069
335,2024-12-21 16:48:32,tcp,192.168.43.41,777,192.168.43.13,34710
336,2024-12-21 16:48:32,tcp,192.168.43.41,13456,192.168.43.13,34710
337,2024-12-21 16:48:32,tcp,192.168.43.13,34710,192.168.43.41,52869
338,2024-12-21 16:48:32,tcp,192.168.43.41,3920,192.168.43.13,34710
339,2024-12-21 16:48:32,tcp,192.168.43.13,34710,192.168.43.41,5009
340,2024-12-21 16:48:32,tcp,192.168.43.41,32768,192.168.43.13,34710
341,2024-12-21 16:48:32,tcp,192.168.43.13,34710,192.168.43.41,10628
342,2024-12-21 16:48:32,tcp,192.168.43.13,34710,192.168.43.41,999
343,2024-12-21 16:48:32,tcp,192.168.43.13,34710,192.168.43.41,5825
344,2024-12-21 16:48:32,tcp,192.168.43.13,34710,192.168.43.41,7004
345,2024-12-21 16:48:32,tcp,192.168.43.13,34710,192.168.43.41,7201
346,2024-12-21 16:48:32,tcp,192.168.43.41,6002,192.168.43.13,34710
347,2024-12-21 16:48:32,tcp,192.168.43.41,8654,192.168.43.13,34710
348,2024-12-21 16:48:32,tcp,192.168.43.13,34710,192.168.43.41,900
349,2024-12-21 16:48:32,tcp,192.168.43.13,34710,192.168.43.41,3011
350,2024-12-21 16:48:32,tcp,192.168.43.13,34710,192.168.43.41,2809
351,2024-12-21 16:48:32,tcp,192.168.43.41,5555,192.168.43.13,34710
352,2024-12-21 16:48:32,tcp,192.168.43.13,34710,192.168.43.41,10616
353,2024-12-21 16:48:32,tcp,192.168.43.13,34710,192.168.43.41,711
354,2024-12-21 16:48:32,tcp,192.168.43.13,34710,192.168.43.41,1011
355,2024-12-21 16:48:32,tcp,192.168.43.13,34710,192.168.43.41,61900
356,2024-12-21 16:48:32,tcp,192.168.43.13,34710,192.168.43.41,631
357,2024-12-21 16:48:32,tcp,192.168.43.13,34710,192.168.43.41,3476
358,2024-12-21 16:48:32,tcp,192.168.43.13,34710,192.168.43.41,2111
359,2024-12-21 16:48:32,tcp,192.168.43.13,34710,192.168.43.41,3689
360,2024-12-21 16:48:32,tcp,192.168.43.13,34710,192.168.43.41,783
361,2024-12-21 16:48:32,tcp,192.168.43.13,34710,192.168.43.41,1494
362,2024-12-21 16:48:32,tcp,192.168.43.13,34710,192.168.43.41,12265
363,2024-12-21 16:48:32,tcp,192.168.43.41,32773,192.168.43.13,34710
364,2024-12-21 16:48:32,tcp,192.168.43.13,34710,192.168.43.41,2035
365,2024-12-21 16:48:32,tcp,192.168.43.13,34710,192.168.43.41,8093
366,2024-12-21 16:48:32,tcp,192.168.43.13,34710,192.168.43.41,1328
367,2024-12-21 16:48:32,tcp,192.168.43.13,34710,192.168.43.41,2010
368,2024-12-21 16:48:32,tcp,192.168.43.13,34710,192.168.43.41,2068
369,2024-12-21 16:48:32,tcp,192.168.43.13,34710,192.168.43.41,2021
370,2024-12-21 16:48:32,tcp,192.168.43.13,34710,192.168.43.41,18101
371,2024-12-21 16:48:32,tcp,192.168.43.13,34710,192.168.43.41,5221
372,2024-12-21 16:48:32,tcp,192.168.43.13,34710,192.168.43.41,2393
373,2024-12-21 16:48:32,tcp,192.168.43.13,34710,192.168.43.41,8083
374,2024-12-21 16:48:32,tcp,192.168.43.13,34710,192.168.43.41,1213
375,2024-12-21 16:48:32,tcp,192.168.43.13,34710,192.168.43.41,5226
376,2024-12-21 16:48:32,tcp,192.168.43.13,34710,192.168.43.41,179
377,2024-12-21 16:48:32,tcp,192.168.43.13,34710,192.168.43.41,10009
378,2024-12-21 16:48:32,tcp,192.168.43.13,34710,192.168.43.41,7921
379,2024-12-21 16:48:32,tcp,192.168.43.41,911,192.168.43.13,34710
380,2024-12-21 16:48:32,tcp,192.168.43.41,417,192.168.43.13,34710
381,2024-12-21 16:48:32,tcp,192.168.43.41,2038,192.168.43.13,34710
382,2024-12-21 16:48:32,tcp,192.168.43.41,2222,192.168.43.13,34710
383,2024-12-21 16:48:32,tcp,192.168.43.41,515,192.168.43.13,34710
384,2024-12-21 16:48:32,tcp,192.168.43.41,3659,192.168.43.13,34710
385,2024-12-21 16:48:32,tcp,192.168.43.41,10243,192.168.43.13,34710
386,2024-12-21 16:48:32,tcp,192.168.43.41,280,192.168.43.13,34710
387,2024-12-21 16:48:32,tcp,192.168.43.41,9002,192.168.43.13,34710
388,2024-12-21 16:48:32,tcp,192.168.43.41,9111,192.168.43.13,34710
389,2024-12-21 16:48:32,tcp,192.168.43.41,1091,192.168.43.13,34710
390,2024-12-21 16:48:32,tcp,192.168.43.41,7000,192.168.43.13,34710
391,2024-12-21 16:48:32,tcp,192.168.43.41,10000,192.168.43.13,34710
392,2024-12-21 16:48:32,tcp,192.168.43.41,2046,192.168.43.13,34710
393,2024-12-21 16:48:32,tcp,192.168.43.41,119,192.168.43.13,34710
394,2024-12-21 16:48:32,tcp,192.168.43.41,5952,192.168.43.13,34710
395,2024-12-21 16:48:32,tcp,192.168.43.41,9103,192.168.43.13,34710
396,2024-12-21 16:48:32,tcp,192.168.43.41,5060,192.168.43.13,34710
397,2024-12-21 16:48:32,tcp,192.168.43.41,41511,192.168.43.13,34710
398,2024-12-21 16:48:32,tcp,192.168.43.41,49155,192.168.43.13,34710
399,2024-12-21 16:48:32,tcp,192.168.43.41,1717,192.168.43.13,34710
400,2024-12-21 16:48:32,tcp,192.168.43.41,2170,192.168.43.13,34710
401,2024-12-21 16:48:32,tcp,192.168.43.41,33354,192.168.43.13,34710
402,2024-12-21 16:48:32,tcp,192.168.43.41,19842,192.168.43.13,34710
403,2024-12-21 16:48:32,tcp,192.168.43.41,1044,192.168.43.13,34710
404,2024-12-21 16:48:32,tcp,192.168.43.41,2604,192.168.43.13,34710
405,2024-12-21 16:48:32,tcp,192.168.43.41,6025,192.168.43.13,34710
406,2024-12-21 16:48:32,tcp,192.168.43.41,8009,192.168.43.13,34710
407,2024-12-21 16:48:32,tcp,192.168.43.41,2103,192.168.43.13,34710
408,2024-12-21 16:48:32,tcp,192.168.43.41,4279,192.168.43.13,34710
409,2024-12-21 16:48:32,tcp,192.168.43.41,1069,192.168.43.13,34710
410,2024-12-21 16:48:32,tcp,192.168.43.41,52869,192.168.43.13,34710
411,2024-12-21 16:48:32,tcp,192.168.43.41,5009,192.168.43.13,34710
412,2024-12-21 16:48:32,tcp,192.168.43.41,10628,192.168.43.13,34710
413,2024-12-21 16:48:32,tcp,192.168.43.41,999,192.168.43.13,34710
414,2024-12-21 16:48:32,tcp,192.168.43.41,5825,192.168.43.13,34710
415,2024-12-21 16:48:32,tcp,192.168.43.41,7004,192.168.43.13,34710
416,2024-12-21 16:48:32,tcp,192.168.43.41,7201,192.168.43.13,34710
417,2024-12-21 16:48:32,tcp,192.168.43.41,900,192.168.43.13,34710
418,2024-12-21 16:48:32,tcp,192.168.43.41,3011,192.168.43.13,34710
419,2024-12-21 16:48:32,tcp,192.168.43.41,2809,192.168.43.13,34710
420,2024-12-21 16:48:32,tcp,192.168.43.41,10616,192.168.43.13,34710
421,2024-12-21 16:48:32,tcp,192.168.43.41,711,192.168.43.13,34710
422,2024-12-21 16:48:32,tcp,192.168.43.41,1011,192.168.43.13,34710
423,2024-12-21 16:48:32,tcp,192.168.43.41,61900,192.168.43.13,34710
424,2024-12-21 16:48:32,tcp,192.168.43.41,631,192.168.43.13,34710
425,2024-12-21 16:48:32,tcp,192.168.43.41,3476,192.168.43.13,34710
426,2024-12-21 16:48:32,tcp,192.168.43.41,2111,192.168.43.13,34710
427,2024-12-21 16:48:32,tcp,192.168.43.41,3689,192.168.43.13,34710
428,2024-12-21 16:48:32,tcp,192.168.43.41,783,192.168.43.13,34710
429,2024-12-21 16:48:32,tcp,192.168.43.41,1494,192.168.43.13,34710
430,2024-12-21 16:48:32,tcp,192.168.43.41,12265,192.168.43.13,34710
431,2024-12-21 16:48:32,tcp,192.168.43.41,2035,192.168.43.13,34710
432,2024-12-21 16:48:32,tcp,192.168.43.41,8093,192.168.43.13,34710
433,2024-12-21 16:48:32,tcp,192.168.43.41,1328,192.168.43.13,34710
434,2024-12-21 16:48:32,tcp,192.168.43.41,2010,192.168.43.13,34710
435,2024-12-21 16:48:32,tcp,192.168.43.41,2068,192.168.43.13,34710
436,2024-12-21 16:48:32,tcp,192.168.43.41,2021,192.168.43.13,34710
437,2024-12-21 16:48:32,tcp,192.168.43.41,18101,192.168.43.13,34710
438,2024-12-21 16:48:32,tcp,192.168.43.41,5221,192.168.43.13,34710
439,2024-12-21 16:48:32,tcp,192.168.43.41,2393,192.168.43.13,34710
440,2024-12-21 16:48:32,tcp,192.168.43.41,8083,192.168.43.13,34710
441,2024-12-21 16:48:32,tcp,192.168.43.41,1213,192.168.43.13,34710
442,2024-12-21 16:48:32,tcp,192.168.43.41,5226,192.168.43.13,34710
443,2024-12-21 16:48:32,tcp,192.168.43.41,179,192.168.43.13,34710
444,2024-12-21 16:48:32,tcp,192.168.43.41,10009,192.168.43.13,34710
445,2024-12-21 16:48:32,tcp,192.168.43.41,7921,192.168.43.13,34710
446,2024-12-21 16:48:34,tcp,192.168.43.41,38592,20.50.73.10,443
447,2024-12-21 16:48:34,tcp,192.168.43.41,38592,20.50.73.10,443
448,2024-12-21 16:48:34,tcp,192.168.43.41,38592,20.50.73.10,443
449,2024-12-21 16:48:34,tcp,192.168.43.41,38592,20.50.73.10,443
450,2024-12-21 16:48:34,tcp,192.168.43.41,38592,20.50.73.10,443
451,2024-12-21 16:48:34,tcp,192.168.43.41,38592,20.50.73.10,443
452,2024-12-21 16:48:34,tcp,20.50.73.10,443,192.168.43.41,38592
453,2024-12-21 16:48:34,tcp,20.50.73.10,443,192.168.43.41,38592
454,2024-12-21 16:48:34,tcp,192.168.43.41,38592,20.50.73.10,443
455,2024-12-21 16:48:34,tcp,20.50.73.10,443,192.168.43.41,38592
456,2024-12-21 16:48:34,tcp,20.50.73.10,443,192.168.43.41,38592
457,2024-12-21 16:48:34,tcp,20.50.73.10,443,192.168.43.41,38592
458,2024-12-21 16:48:34,tcp,20.50.73.10,443,192.168.43.41,38592
459,2024-12-21 16:48:34,tcp,20.50.73.10,443,192.168.43.41,38592
460,2024-12-21 16:48:34,tcp,192.168.43.41,38592,20.50.73.10,443
461,2024-12-21 16:48:34,tcp,192.168.43.41,38592,20.50.73.10,443
462,2024-12-21 16:49:09,tcp,192.168.43.13,20,192.168.43.41,5000
463,2024-12-21 16:49:45,icmp,192.168.43.13,,192.168.43.41,
464,2024-12-21 16:49:45,icmp,192.168.43.41,,192.168.43.13,
465,2024-12-21 16:49:45,icmp,192.168.43.13,,192.168.43.41,
466,2024-12-21 16:49:45,icmp,192.168.43.41,,192.168.43.13,
467,2024-12-21 16:49:45,icmp,192.168.43.13,,192.168.43.41,
468,2024-12-21 16:49:45,icmp,192.168.43.41,,192.168.43.13,
469,2024-12-21 16:49:45,icmp,192.168.43.13,,192.168.43.41,
470,2024-12-21 16:49:45,icmp,192.168.43.41,,192.168.43.13,
471,2024-12-21 16:49:45,icmp,192.168.43.13,,192.168.43.41,
472,2024-12-21 16:49:45,icmp,192.168.43.41,,192.168.43.13,
473,2024-12-21 16:49:45,icmp,192.168.43.13,,192.168.43.41,
474,2024-12-21 16:49:45,icmp,192.168.43.41,,192.168.43.13,
475,2024-12-21 16:49:45,icmp,192.168.43.13,,192.168.43.41,
476,2024-12-21 16:49:45,icmp,192.168.43.41,,192.168.43.13,
477,2024-12-21 16:49:45,icmp,192.168.43.13,,192.168.43.41,
478,2024-12-21 16:49:45,icmp,192.168.43.41,,192.168.43.13,
479,2024-12-21 16:49:45,icmp,192.168.43.13,,192.168.43.41,
480,2024-12-21 16:49:45,icmp,192.168.43.41,,192.168.43.13,
481,2024-12-21 16:49:46,icmp,192.168.43.13,,192.168.43.41,
482,2024-12-21 16:49:46,icmp,192.168.43.41,,192.168.43.13,
483,2024-12-21 16:49:46,icmp,192.168.43.13,,192.168.43.41,
484,2024-12-21 16:49:46,icmp,192.168.43.41,,192.168.43.13,
485,2024-12-21 16:49:46,icmp,192.168.43.13,,192.168.43.41,
486,2024-12-21 16:49:46,icmp,192.168.43.41,,192.168.43.13,
487,2024-12-21 16:49:46,icmp,192.168.43.13,,192.168.43.41,
488,2024-12-21 16:49:46,icmp,192.168.43.41,,192.168.43.13,
489,2024-12-21 16:49:46,icmp,192.168.43.13,,192.168.43.41,
490,2024-12-21 16:49:46,icmp,192.168.43.41,,192.168.43.13,
491,2024-12-21 16:49:46,icmp,192.168.43.13,,192.168.43.41,
492,2024-12-21 16:49:46,icmp,192.168.43.41,,192.168.43.13,
493,2024-12-21 16:49:46,icmp,192.168.43.13,,192.168.43.41,
494,2024-12-21 16:49:46,icmp,192.168.43.41,,192.168.43.13,
495,2024-12-21 16:49:46,icmp,192.168.43.13,,192.168.43.41,
496,2024-12-21 16:49:46,icmp,192.168.43.41,,192.168.43.13,
497,2024-12-21 16:49:46,icmp,192.168.43.13,,192.168.43.41,
498,2024-12-21 16:49:46,icmp,192.168.43.41,,192.168.43.13,
499,2024-12-21 16:49:46,icmp,192.168.43.13,,192.168.43.41,
500,2024-12-21 16:49:46,icmp,192.168.43.41,,192.168.43.13,
501,2024-12-21 16:49:46,icmp,192.168.43.13,,192.168.43.41,
502,2024-12-21 16:49:46,icmp,192.168.43.41,,192.168.43.13,
503,2024-12-21 16:49:46,icmp,192.168.43.13,,192.168.43.41,
504,2024-12-21 16:49:46,icmp,192.168.43.41,,192.168.43.13,
505,2024-12-21 16:49:46,icmp,192.168.43.13,,192.168.43.41,
506,2024-12-21 16:49:46,icmp,192.168.43.41,,192.168.43.13,
507,2024-12-21 16:49:46,icmp,192.168.43.13,,192.168.43.41,
508,2024-12-21 16:49:46,icmp,192.168.43.41,,192.168.43.13,
509,2024-12-21 16:49:46,icmp,192.168.43.13,,192.168.43.41,
510,2024-12-21 16:49:46,icmp,192.168.43.41,,192.168.43.13,
511,2024-12-21 16:49:46,icmp,192.168.43.13,,192.168.43.41,
512,2024-12-21 16:49:46,icmp,192.168.43.41,,192.168.43.13,
513,2024-12-21 16:49:46,icmp,192.168.43.13,,192.168.43.41,
514,2024-12-21 16:49:46,icmp,192.168.43.41,,192.168.43.13,
515,2024-12-21 16:49:46,icmp,192.168.43.13,,192.168.43.41,
516,2024-12-21 16:49:46,icmp,192.168.43.41,,192.168.43.13,
517,2024-12-21 16:49:46,icmp,192.168.43.13,,192.168.43.41,
518,2024-12-21 16:49:46,icmp,192.168.43.41,,192.168.43.13,
519,2024-12-21 16:49:46,icmp,192.168.43.13,,192.168.43.41,
520,2024-12-21 16:49:46,icmp,192.168.43.41,,192.168.43.13,
521,2024-12-21 16:49:47,icmp,192.168.43.13,,192.168.43.41,
522,2024-12-21 16:49:47,icmp,192.168.43.41,,192.168.43.13,
523,2024-12-21 16:49:47,icmp,192.168.43.13,,192.168.43.41,
524,2024-12-21 16:49:47,icmp,192.168.43.41,,192.168.43.13,
525,2024-12-21 16:49:47,icmp,192.168.43.13,,192.168.43.41,
526,2024-12-21 16:49:47,icmp,192.168.43.41,,192.168.43.13,
527,2024-12-21 16:49:47,icmp,192.168.43.13,,192.168.43.41,
528,2024-12-21 16:49:47,icmp,192.168.43.41,,192.168.43.13,
529,2024-12-21 16:49:47,icmp,192.168.43.13,,192.168.43.41,
530,2024-12-21 16:49:47,icmp,192.168.43.41,,192.168.43.13,
531,2024-12-21 16:49:47,icmp,192.168.43.13,,192.168.43.41,
532,2024-12-21 16:49:47,icmp,192.168.43.41,,192.168.43.13,
533,2024-12-21 16:49:47,icmp,192.168.43.13,,192.168.43.41,
534,2024-12-21 16:49:47,icmp,192.168.43.41,,192.168.43.13,
535,2024-12-21 16:49:47,icmp,192.168.43.13,,192.168.43.41,
536,2024-12-21 16:49:47,icmp,192.168.43.41,,192.168.43.13,
537,2024-12-21 16:49:47,icmp,192.168.43.13,,192.168.43.41,
538,2024-12-21 16:49:47,icmp,192.168.43.41,,192.168.43.13,
539,2024-12-21 16:49:47,icmp,192.168.43.13,,192.168.43.41,
540,2024-12-21 16:49:47,icmp,192.168.43.41,,192.168.43.13,
541,2024-12-21 16:49:47,icmp,192.168.43.13,,192.168.43.41,
542,2024-12-21 16:49:47,icmp,192.168.43.41,,192.168.43.13,
543,2024-12-21 16:49:47,icmp,192.168.43.13,,192.168.43.41,
544,2024-12-21 16:49:47,icmp,192.168.43.41,,192.168.43.13,
545,2024-12-21 16:49:47,udp,127.0.0.1,49356,127.0.0.53,53
546,2024-12-21 16:49:47,udp,127.0.0.1,25893,127.0.0.53,53
547,2024-12-21 16:49:47,udp,127.0.0.1,11627,127.0.0.53,53
548,2024-12-21 16:49:47,tcp,192.168.43.41,38592,20.50.73.10,443
549,2024-12-21 16:49:47,icmp,192.168.43.13,,192.168.43.41,
550,2024-12-21 16:49:47,tcp,192.168.43.41,38592,20.50.73.10,443
551,2024-12-21 16:49:47,tcp,192.168.43.41,38592,20.50.73.10,443
552,2024-12-21 16:49:47,tcp,192.168.43.41,38592,20.50.73.10,443
553,2024-12-21 16:49:47,tcp,192.168.43.41,38592,20.50.73.10,443
554,2024-12-21 16:49:47,udp,127.0.0.1,49356,127.0.0.53,53
555,2024-12-21 16:49:47,udp,127.0.0.1,25893,127.0.0.53,53
556,2024-12-21 16:49:47,udp,127.0.0.1,11627,127.0.0.53,53
557,2024-12-21 16:49:47,icmp,192.168.43.41,,192.168.43.13,
558,2024-12-21 16:49:47,tcp,192.168.43.41,38592,20.50.73.10,443
559,2024-12-21 16:49:47,tcp,192.168.43.41,38592,20.50.73.10,443
560,2024-12-21 16:49:47,icmp,192.168.43.13,,192.168.43.41,
561,2024-12-21 16:49:47,icmp,192.168.43.41,,192.168.43.13,
562,2024-12-21 16:49:47,icmp,192.168.43.13,,192.168.43.41,
563,2024-12-21 16:49:47,icmp,192.168.43.41,,192.168.43.13,
564,2024-12-21 16:49:47,udp,127.0.0.53,53,127.0.0.1,25893
565,2024-12-21 16:49:47,udp,127.0.0.53,53,127.0.0.1,49356
566,2024-12-21 16:49:47,udp,127.0.0.53,53,127.0.0.1,25893
567,2024-12-21 16:49:47,udp,127.0.0.53,53,127.0.0.1,49356
568,2024-12-21 16:49:47,icmp,192.168.43.13,,192.168.43.41,
569,2024-12-21 16:49:47,icmp,192.168.43.41,,192.168.43.13,
570,2024-12-21 16:49:47,udp,127.0.0.53,53,127.0.0.1,11627
571,2024-12-21 16:49:47,udp,127.0.0.53,53,127.0.0.1,11627
572,2024-12-21 16:49:47,icmp,127.0.0.1,,127.0.0.53,
573,2024-12-21 16:49:47,icmp,127.0.0.1,,127.0.0.53,
574,2024-12-21 16:49:47,icmp,192.168.43.13,,192.168.43.41,
575,2024-12-21 16:49:47,icmp,192.168.43.41,,192.168.43.13,
576,2024-12-21 16:49:47,icmp,192.168.43.13,,192.168.43.41,
577,2024-12-21 16:49:47,icmp,192.168.43.41,,192.168.43.13,
578,2024-12-21 16:49:47,tcp,20.50.73.10,443,192.168.43.41,38592
579,2024-12-21 16:49:47,tcp,20.50.73.10,443,192.168.43.41,38592
580,2024-12-21 16:49:47,tcp,20.50.73.10,443,192.168.43.41,38592
581,2024-12-21 16:49:47,tcp,192.168.43.41,38592,20.50.73.10,443
582,2024-12-21 16:49:47,tcp,192.168.43.41,38592,20.50.73.10,443
583,2024-12-21 16:49:47,tcp,192.168.43.41,38592,20.50.73.10,443
584,2024-12-21 16:49:47,tcp,192.168.43.41,38592,20.50.73.10,443
585,2024-12-21 16:49:47,tcp,20.50.73.10,443,192.168.43.41,38592
586,2024-12-21 16:49:47,tcp,192.168.43.41,38592,20.50.73.10,443
587,2024-12-21 16:49:47,tcp,20.50.73.10,443,192.168.43.41,38592
588,2024-12-21 16:49:47,tcp,192.168.43.41,38592,20.50.73.10,443
589,2024-12-21 16:49:47,tcp,192.168.43.41,38592,20.50.73.10,443
590,2024-12-21 16:49:47,icmp,192.168.43.13,,192.168.43.41,
591,2024-12-21 16:49:47,icmp,192.168.43.41,,192.168.43.13,
592,2024-12-21 16:49:47,tcp,20.50.73.10,443,192.168.43.41,38592
593,2024-12-21 16:49:47,tcp,192.168.43.41,38592,20.50.73.10,443
594,2024-12-21 16:49:48,tcp,20.50.73.10,443,192.168.43.41,38592
595,2024-12-21 16:49:48,tcp,192.168.43.41,38592,20.50.73.10,443
596,2024-12-21 16:49:48,icmp,192.168.43.13,,192.168.43.41,
597,2024-12-21 16:49:48,icmp,192.168.43.41,,192.168.43.13,
598,2024-12-21 16:49:48,icmp,192.168.43.13,,192.168.43.41,
599,2024-12-21 16:49:48,icmp,192.168.43.41,,192.168.43.13,
600,2024-12-21 16:49:48,icmp,192.168.43.13,,192.168.43.41,
601,2024-12-21 16:49:48,icmp,192.168.43.41,,192.168.43.13,
602,2024-12-21 16:49:48,tcp,20.50.73.10,443,192.168.43.41,38592
603,2024-12-21 16:49:48,tcp,192.168.43.41,38592,20.50.73.10,443
604,2024-12-21 16:49:48,tcp,20.50.73.10,443,192.168.43.41,38592
605,2024-12-21 16:49:48,tcp,192.168.43.41,38592,20.50.73.10,443
606,2024-12-21 16:49:48,icmp,192.168.43.13,,192.168.43.41,
607,2024-12-21 16:49:48,icmp,192.168.43.41,,192.168.43.13,
608,2024-12-21 16:49:48,tcp,20.50.73.10,443,192.168.43.41,38592
609,2024-12-21 16:49:48,tcp,192.168.43.41,38592,20.50.73.10,443
610,2024-12-21 16:49:48,tcp,192.168.43.41,38592,20.50.73.10,443
611,2024-12-21 16:49:48,tcp,20.50.73.10,443,192.168.43.41,38592
612,2024-12-21 16:49:48,tcp,192.168.43.41,38592,20.50.73.10,443
613,2024-12-21 16:49:48,tcp,192.168.43.41,38592,20.50.73.10,443
614,2024-12-21 16:49:48,icmp,192.168.43.13,,192.168.43.41,
615,2024-12-21 16:49:48,icmp,192.168.43.41,,192.168.43.13,
616,2024-12-21 16:49:48,tcp,20.50.73.10,443,192.168.43.41,38592
617,2024-12-21 16:49:48,tcp,192.168.43.41,38592,20.50.73.10,443
618,2024-12-21 16:49:48,tcp,192.168.43.41,38592,20.50.73.10,443
619,2024-12-21 16:49:48,icmp,192.168.43.13,,192.168.43.41,
620,2024-12-21 16:49:48,icmp,192.168.43.41,,192.168.43.13,
621,2024-12-21 16:49:48,tcp,20.50.73.10,443,192.168.43.41,38592
622,2024-12-21 16:49:48,icmp,192.168.43.13,,192.168.43.41,
623,2024-12-21 16:49:48,icmp,192.168.43.41,,192.168.43.13,
624,2024-12-21 16:49:48,icmp,192.168.43.13,,192.168.43.41,
625,2024-12-21 16:49:48,icmp,192.168.43.41,,192.168.43.13,
626,2024-12-21 16:49:48,tcp,20.50.73.10,443,192.168.43.41,38592
627,2024-12-21 16:49:48,tcp,20.50.73.10,443,192.168.43.41,38592
628,2024-12-21 16:49:48,icmp,192.168.43.13,,192.168.43.41,
629,2024-12-21 16:49:48,icmp,192.168.43.41,,192.168.43.13,
630,2024-12-21 16:49:48,tcp,20.50.73.10,443,192.168.43.41,38592
631,2024-12-21 16:49:48,tcp,20.50.73.10,443,192.168.43.41,38592
632,2024-12-21 16:49:48,tcp,20.50.73.10,443,192.168.43.41,38592
633,2024-12-21 16:49:48,tcp,192.168.43.41,38592,20.50.73.10,443
634,2024-12-21 16:49:48,icmp,192.168.43.13,,192.168.43.41,
635,2024-12-21 16:49:48,icmp,192.168.43.41,,192.168.43.13,
636,2024-12-21 16:49:48,icmp,192.168.43.13,,192.168.43.41,
637,2024-12-21 16:49:48,icmp,192.168.43.41,,192.168.43.13,
638,2024-12-21 16:49:48,icmp,192.168.43.13,,192.168.43.41,
639,2024-12-21 16:49:48,icmp,192.168.43.41,,192.168.43.13,
640,2024-12-21 16:49:48,icmp,192.168.43.13,,192.168.43.41,
641,2024-12-21 16:49:48,icmp,192.168.43.41,,192.168.43.13,
642,2024-12-21 16:49:48,icmp,192.168.43.13,,192.168.43.41,
643,2024-12-21 16:49:48,icmp,192.168.43.41,,192.168.43.13,
644,2024-12-21 16:49:48,icmp,192.168.43.13,,192.168.43.41,
645,2024-12-21 16:49:48,icmp,192.168.43.41,,192.168.43.13,
646,2024-12-21 16:49:48,icmp,192.168.43.13,,192.168.43.41,
647,2024-12-21 16:49:48,icmp,192.168.43.41,,192.168.43.13,
648,2024-12-21 16:49:48,icmp,192.168.43.13,,192.168.43.41,
649,2024-12-21 16:49:48,icmp,192.168.43.41,,192.168.43.13,
650,2024-12-21 16:49:48,icmp,192.168.43.13,,192.168.43.41,
651,2024-12-21 16:49:48,icmp,192.168.43.41,,192.168.43.13,
652,2024-12-21 16:49:49,tcp,20.50.73.10,443,192.168.43.41,38592
653,2024-12-21 16:49:49,icmp,192.168.43.13,,192.168.43.41,
654,2024-12-21 16:49:49,icmp,192.168.43.41,,192.168.43.13,
655,2024-12-21 16:49:49,icmp,192.168.43.13,,192.168.43.41,
656,2024-12-21 16:49:49,icmp,192.168.43.41,,192.168.43.13,
657,2024-12-21 16:49:49,icmp,192.168.43.13,,192.168.43.41,
658,2024-12-21 16:49:49,icmp,192.168.43.41,,192.168.43.13,
659,2024-12-21 16:49:49,icmp,192.168.43.13,,192.168.43.41,
660,2024-12-21 16:49:49,icmp,192.168.43.41,,192.168.43.13,
661,2024-12-21 16:49:49,icmp,192.168.43.13,,192.168.43.41,
662,2024-12-21 16:49:49,icmp,192.168.43.41,,192.168.43.13,
663,2024-12-21 16:49:49,icmp,192.168.43.13,,192.168.43.41,
664,2024-12-21 16:49:49,icmp,192.168.43.41,,192.168.43.13,
665,2024-12-21 16:49:49,icmp,192.168.43.13,,192.168.43.41,
666,2024-12-21 16:49:49,icmp,192.168.43.41,,192.168.43.13,
667,2024-12-21 16:49:49,icmp,192.168.43.13,,192.168.43.41,
668,2024-12-21 16:49:49,icmp,192.168.43.41,,192.168.43.13,
669,2024-12-21 16:49:49,icmp,192.168.43.13,,192.168.43.41,
670,2024-12-21 16:49:49,icmp,192.168.43.41,,192.168.43.13,
671,2024-12-21 16:49:49,icmp,192.168.43.13,,192.168.43.41,
672,2024-12-21 16:49:49,icmp,192.168.43.41,,192.168.43.13,
673,2024-12-21 16:49:49,icmp,192.168.43.13,,192.168.43.41,
674,2024-12-21 16:49:49,icmp,192.168.43.41,,192.168.43.13,
675,2024-12-21 16:49:49,icmp,192.168.43.13,,192.168.43.41,
676,2024-12-21 16:49:49,icmp,192.168.43.41,,192.168.43.13,
677,2024-12-21 16:49:49,icmp,192.168.43.13,,192.168.43.41,
678,2024-12-21 16:49:49,icmp,192.168.43.41,,192.168.43.13,
679,2024-12-21 16:49:49,icmp,192.168.43.13,,192.168.43.41,
680,2024-12-21 16:49:49,icmp,192.168.43.41,,192.168.43.13,
681,2024-12-21 16:49:49,icmp,192.168.43.13,,192.168.43.41,
682,2024-12-21 16:49:49,icmp,192.168.43.41,,192.168.43.13,
683,2024-12-21 16:49:49,icmp,192.168.43.13,,192.168.43.41,
684,2024-12-21 16:49:49,icmp,192.168.43.41,,192.168.43.13,
685,2024-12-21 16:49:49,tcp,192.168.43.41,38592,20.50.73.10,443
686,2024-12-21 16:49:49,tcp,192.168.43.41,38592,20.50.73.10,443
687,2024-12-21 16:49:49,tcp,192.168.43.41,38592,20.50.73.10,443
688,2024-12-21 16:49:49,tcp,192.168.43.41,38592,20.50.73.10,443
689,2024-12-21 16:49:49,tcp,192.168.43.41,38592,20.50.73.10,443
690,2024-12-21 16:49:49,tcp,192.168.43.41,38592,20.50.73.10,443
691,2024-12-21 16:49:49,tcp,192.168.43.41,38592,20.50.73.10,443
692,2024-12-21 16:49:49,tcp,192.168.43.41,38592,20.50.73.10,443
693,2024-12-21 16:49:49,tcp,192.168.43.41,38592,20.50.73.10,443
694,2024-12-21 16:49:49,tcp,192.168.43.41,38592,20.50.73.10,443
695,2024-12-21 16:49:49,icmp,192.168.43.13,,192.168.43.41,
696,2024-12-21 16:49:49,icmp,192.168.43.41,,192.168.43.13,
697,2024-12-21 16:49:49,icmp,192.168.43.13,,192.168.43.41,
698,2024-12-21 16:49:49,icmp,192.168.43.41,,192.168.43.13,
699,2024-12-21 16:49:49,icmp,192.168.43.13,,192.168.43.41,
700,2024-12-21 16:49:49,icmp,192.168.43.41,,192.168.43.13,
701,2024-12-21 16:49:50,icmp,192.168.43.13,,192.168.43.41,
702,2024-12-21 16:49:50,icmp,192.168.43.41,,192.168.43.13,
703,2024-12-21 16:49:50,icmp,192.168.43.13,,192.168.43.41,
704,2024-12-21 16:49:50,icmp,192.168.43.41,,192.168.43.13,
705,2024-12-21 16:49:50,tcp,20.50.73.10,443,192.168.43.41,38592
706,2024-12-21 16:49:50,tcp,192.168.43.41,38592,20.50.73.10,443
707,2024-12-21 16:49:50,tcp,192.168.43.41,38592,20.50.73.10,443
708,2024-12-21 16:49:50,icmp,192.168.43.13,,192.168.43.41,
709,2024-12-21 16:49:50,icmp,192.168.43.41,,192.168.43.13,
710,2024-12-21 16:49:50,tcp,20.50.73.10,443,192.168.43.41,38592
711,2024-12-21 16:49:50,tcp,192.168.43.41,38592,20.50.73.10,443
712,2024-12-21 16:49:50,tcp,192.168.43.41,38592,20.50.73.10,443
713,2024-12-21 16:49:50,icmp,192.168.43.13,,192.168.43.41,
714,2024-12-21 16:49:50,tcp,20.50.73.10,443,192.168.43.41,38592
715,2024-12-21 16:49:50,tcp,20.50.73.10,443,192.168.43.41,38592
716,2024-12-21 16:49:50,icmp,192.168.43.41,,192.168.43.13,
717,2024-12-21 16:49:50,tcp,192.168.43.41,38592,20.50.73.10,443
718,2024-12-21 16:49:50,tcp,192.168.43.41,38592,20.50.73.10,443
719,2024-12-21 16:49:50,tcp,192.168.43.41,38592,20.50.73.10,443
720,2024-12-21 16:49:50,tcp,192.168.43.41,38592,20.50.73.10,443
721,2024-12-21 16:49:50,tcp,20.50.73.10,443,192.168.43.41,38592
722,2024-12-21 16:49:50,tcp,192.168.43.41,38592,20.50.73.10,443
723,2024-12-21 16:49:50,icmp,192.168.43.13,,192.168.43.41,
724,2024-12-21 16:49:50,icmp,192.168.43.41,,192.168.43.13,
725,2024-12-21 16:49:50,icmp,192.168.43.13,,192.168.43.41,
726,2024-12-21 16:49:50,icmp,192.168.43.41,,192.168.43.13,
727,2024-12-21 16:49:50,icmp,192.168.43.13,,192.168.43.41,
728,2024-12-21 16:49:50,tcp,20.50.73.10,443,192.168.43.41,38592
729,2024-12-21 16:49:50,icmp,192.168.43.41,,192.168.43.13,
730,2024-12-21 16:49:50,icmp,192.168.43.13,,192.168.43.41,
731,2024-12-21 16:49:50,tcp,20.50.73.10,443,192.168.43.41,38592
732,2024-12-21 16:49:50,icmp,192.168.43.41,,192.168.43.13,
733,2024-12-21 16:49:50,tcp,20.50.73.10,443,192.168.43.41,38592
734,2024-12-21 16:49:50,icmp,192.168.43.13,,192.168.43.41,
735,2024-12-21 16:49:50,icmp,192.168.43.41,,192.168.43.13,
736,2024-12-21 16:49:50,tcp,20.50.73.10,443,192.168.43.41,38592
737,2024-12-21 16:49:50,tcp,20.50.73.10,443,192.168.43.41,38592
738,2024-12-21 16:49:50,icmp,192.168.43.13,,192.168.43.41,
739,2024-12-21 16:49:50,icmp,192.168.43.41,,192.168.43.13,
740,2024-12-21 16:49:50,tcp,192.168.43.41,38592,20.50.73.10,443
741,2024-12-21 16:49:50,icmp,192.168.43.13,,192.168.43.41,
742,2024-12-21 16:49:50,icmp,192.168.43.41,,192.168.43.13,
743,2024-12-21 16:49:50,icmp,192.168.43.13,,192.168.43.41,
744,2024-12-21 16:49:50,icmp,192.168.43.41,,192.168.43.13,
745,2024-12-21 16:49:50,icmp,192.168.43.13,,192.168.43.41,
746,2024-12-21 16:49:50,icmp,192.168.43.41,,192.168.43.13,
747,2024-12-21 16:49:50,icmp,192.168.43.13,,192.168.43.41,
748,2024-12-21 16:49:50,icmp,192.168.43.41,,192.168.43.13,
749,2024-12-21 16:49:50,tcp,20.50.73.10,443,192.168.43.41,38592
750,2024-12-21 16:49:50,tcp,192.168.43.41,38592,20.50.73.10,443
751,2024-12-21 16:49:50,icmp,192.168.43.13,,192.168.43.41,
752,2024-12-21 16:49:50,icmp,192.168.43.41,,192.168.43.13,
753,2024-12-21 16:50:37,tcp,192.168.43.13,60472,192.168.43.41,5000
754,2024-12-21 16:50:37,tcp,192.168.43.41,5000,192.168.43.13,60472
755,2024-12-21 16:50:37,tcp,192.168.43.13,60472,192.168.43.41,5000
756,2024-12-21 16:50:37,tcp,192.168.43.13,60472,192.168.43.41,5000
757,2024-12-21 16:50:37,tcp,192.168.43.41,5000,192.168.43.13,60472
758,2024-12-21 16:50:37,tcp,192.168.43.41,5000,192.168.43.13,60472
759,2024-12-21 16:50:37,tcp,192.168.43.13,60472,192.168.43.41,5000
760,2024-12-21 16:50:37,tcp,192.168.43.13,60472,192.168.43.41,5000
761,2024-12-21 16:50:37,tcp,192.168.43.13,60480,192.168.43.41,5000
762,2024-12-21 16:50:37,tcp,192.168.43.41,5000,192.168.43.13,60472
763,2024-12-21 16:50:37,tcp,192.168.43.41,5000,192.168.43.13,60472
764,2024-12-21 16:50:37,tcp,192.168.43.41,5000,192.168.43.13,60480
765,2024-12-21 16:50:37,tcp,192.168.43.13,60472,192.168.43.41,5000
766,2024-12-21 16:50:37,tcp,192.168.43.13,60480,192.168.43.41,5000
767,2024-12-21 16:50:37,tcp,192.168.43.13,60480,192.168.43.41,5000
768,2024-12-21 16:50:37,tcp,192.168.43.13,60480,192.168.43.41,5000
769,2024-12-21 16:51:13,tcp,192.168.43.13,54386,192.168.43.41,5000
770,2024-12-21 16:51:13,tcp,192.168.43.41,5000,192.168.43.13,54386
771,2024-12-21 16:51:13,tcp,192.168.43.13,54386,192.168.43.41,5000
772,2024-12-21 16:51:13,tcp,192.168.43.13,54386,192.168.43.41,5000
773,2024-12-21 16:51:13,tcp,192.168.43.13,54388,192.168.43.41,5000
774,2024-12-21 16:51:13,tcp,192.168.43.41,5000,192.168.43.13,54386
775,2024-12-21 16:51:13,tcp,192.168.43.41,5000,192.168.43.13,54386
776,2024-12-21 16:51:13,tcp,192.168.43.41,5000,192.168.43.13,54388
777,2024-12-21 16:51:13,tcp,192.168.43.13,54386,192.168.43.41,5000
778,2024-12-21 16:51:13,tcp,192.168.43.13,54388,192.168.43.41,5000
779,2024-12-21 16:51:13,tcp,192.168.43.13,54386,192.168.43.41,5000
780,2024-12-21 16:51:13,tcp,192.168.43.13,46854,192.168.43.41,5000
781,2024-12-21 16:51:13,tcp,192.168.43.13,54388,192.168.43.41,5000
782,2024-12-21 16:51:13,tcp,192.168.43.41,5000,192.168.43.13,54386
783,2024-12-21 16:51:13,tcp,192.168.43.41,5000,192.168.43.13,46854
784,2024-12-21 16:51:13,tcp,192.168.43.13,54386,192.168.43.41,5000
785,2024-12-21 16:51:13,tcp,192.168.43.13,46854,192.168.43.41,5000
786,2024-12-21 16:51:14,tcp,192.168.43.13,54388,192.168.43.41,5000
787,2024-12-21 16:51:34,tcp,20.168.20.125,20,192.168.43.41,5000
788,2024-12-21 16:51:34,tcp,192.168.43.41,5000,20.168.20.125,20
789,2024-12-21 16:51:57,icmp,192.168.43.41,,8.8.8.8,
790,2024-12-21 16:51:57,icmp,8.8.8.8,,192.168.43.41,
